azavea_shp,azavea_dor
Academy Gardens,Academy Gardens
Airport,Airport
Allegheny West,Allegheny West
Andorra,Andorra
Aston-Woodbridge,Aston-Woodbridge
Bartram Village,Bartram Village
Bella Vista,Bella Vista
Belmont,Belmont
Brewerytown,Brewerytown
Bridesburg,Bridesburg
Burholme,Burholme
Bustleton,Bustleton
Byberry,Byberry
Callowhill,Callowhill
Carroll Park,Carroll Park
Cedarbrook,Cedarbrook
Cedar Park,Cedar Park
Center City East,Center City East
Chestnut Hill,Chestnut Hill
Chinatown,Chinatown
Clearview,Clearview
Cobbs Creek,Cobbs Creek
Crescentville,Crescentville
Crestmont Farms,Crestmont Farms
Dearnley Park,Dearnley Park
Dickinson Narrows,Dickinson Narrows
Dunlap,Dunlap
East Falls,East Falls
"Germantown, East",East Germantown
East Kensington,East Kensington
"Mount Airy, East",East Mount Airy
East Oak Lane,East Oak Lane
East Park,East Park
East Parkside,East Parkside
East Passyunk,East Passyunk
East Poplar,East Poplar
Eastwick,Eastwick
Elmwood,Elmwood
Fairhill,Fairhill
Fairmount,Fairmount
Feltonville,Feltonville
Fern Rock,Fern Rock
Fishtown - Lower Kensington,Fishtown - Lower Kensington
Fitler Square,Fitler Square
Fox Chase,Fox Chase
Francisville,Francisville
Frankford,Frankford
Franklin Mills,Franklin Mills
Franklinville,Franklinville
Garden Court,Garden Court
"Germantown, Morton",Germantown - Morton
"Germantown, Penn Knox",Germantown - Penn Knox
"Germantown, Southwest",Southwest Germantown
"Germantown, West Central",West Central Germantown
"Germantown, Westside",Germantown - Westside
Germany Hill,Germany Hill
Girard Estates,Girard Estates
Glenwood,Glenwood
Graduate Hospital,Graduate Hospital
Grays Ferry,Grays Ferry
Greenwich,Greenwich
Haddington,Haddington
Harrowgate,Harrowgate
Hartranft,Hartranft
Haverford North,Haverford North
Hawthorne,Hawthorne
Holmesburg,Holmesburg
Hunting Park,Hunting Park
Industrial,Industrial
Juniata Park,Juniata Park
"Kensington, Old",Old Kensington
"Kensington, West",West Kensington
Kingsessing,Kingsessing
Lawndale,Lawndale
Lexington Park,Lexington Park
Logan,Logan
Logan Square,Logan Square
Lower Moyamensing,Lower Moyamensing
Ludlow,Ludlow
Manayunk,Manayunk
Mantua,Mantua
Mayfair,Mayfair
McGuire,McGuire
Mechanicsville,Mechanicsville
Melrose Park Gardens,Melrose Park Gardens
Millbrook,Millbrook
Mill Creek,Mill Creek
Modena,Modena
Morrell Park,Morrell Park
"Mount Airy, West",West Mount Airy
Navy Yard,Navy Yard
Newbold,Newbold
Nicetown,Nicetown
Normandy Village,Normandy Village
North Central,North Central
Northeast Phila Airport,Northeast Phila Airport
Northern Liberties,Northern Liberties
Northwood,Northwood
Ogontz,Ogontz
Old City,Old City
Olney,Olney
Overbrook,Overbrook
Oxford Circle,Oxford Circle
Packer Park,Packer Park
Parkwood Manor,Parkwood Manor
Paschall,Paschall
Passyunk Square,Passyunk Square
Pennsport,Pennsport
Pennypack,Pennypack
Pennypack Park,Pennypack Park
Pennypack Woods,Pennypack Woods
Penrose,Penrose
Point Breeze,Point Breeze
Port Richmond,Port Richmond
Powelton,Powelton
Queen Village,Queen Village
Rhawnhurst,Rhawnhurst
Richmond,Richmond
Rittenhouse,Rittenhouse
Riverfront,Riverfront
Roxborough,Roxborough
Roxborough Park,Roxborough Park
Sharswood,Sharswood
Society Hill,Society Hill
Somerton,Somerton
Southwest Schuylkill,Southwest Schuylkill
Spring Garden,Spring Garden
Spruce Hill,Spruce Hill
Stadium District,Stadium District
Stanton,Stanton
Strawberry Mansion,Strawberry Mansion
Summerdale,Summerdale
Tacony,Tacony
Tioga,Tioga
Torresdale,Torresdale
University City,University City
Upper Kensington,Upper Kensington
Upper Roxborough,Upper Roxborough
Walnut Hill,Walnut Hill
Washington Square West,Washington Square West
West Oak Lane,West Oak Lane
West Park,West Park
West Parkside,West Parkside
West Passyunk,West Passyunk
West Poplar,West Poplar
West Powelton,West Powelton
West Torresdale,West Torresdale
Whitman,Whitman
Winchester Park,Winchester Park
Wissahickon,Wissahickon
Wissahickon Hills,Wissahickon Hills
Wissahickon Park,Wissahickon Park
Wissinoming,Wissinoming
Wister,Wister
Woodland Terrace,Woodland Terrace
Wynnefield,Wynnefield
Wynnefield Heights,Wynnefield Heights
Yorktown,Yorktown
